,1gram,2gram,3gram,sk2gram,sk3gram
arabic,0.0,1.0,1.0,0.0,1.0
english,0.75,1.0,1.0,0.9166666666666666,0.8
french,0.5,1.0,1.0,0.8,1.0
german,0.0,0.6666666666666666,0.8333333333333334,0.5,0.75
russian,1.0,1.0,0.9166666666666666,1.0,0.5
