,1gram,2gram,3gram,sk2gram,sk3gram
arabic,1.0,1.0,1.0,1.0,1.0
english,0.4066067547022582,0.4264014327112209,,,
french,,,,,
german,0.2826812264708903,0.4194166951203281,0.3410041841004184,0.3406478578892372,0.3402922755741128
russian,1.0,1.0,1.0,1.0,1.0
