,1gram,2gram,3gram,sk2gram,sk3gram
arabic,1.0,0.875,0.9,0.5,0.8
english,1.0,1.0,0.6666666666666666,1.0,0.5
french,1.0,0.7777777777777778,0.8,1.0,0.6
german,1.0,0.8571428571428571,0.5714285714285714,1.0,0.3333333333333333
russian,1.0,1.0,0.6666666666666666,0.75,0.5
