,1gram,2gram,3gram,sk2gram,sk3gram
arabic,1.0,0.8372950509428679,0.3180277534065424,0.5918927277281472,0.6754613850931078
english,0.3522012578616352,0.39510580517763577,0.3614994027406106,0.39849624060150374,0.36
french,0.37209302325581395,0.47012595993150263,0.4240147216032838,0.4444444444444444,0.5555555555555556
german,,0.37588055487980265,0.6,0.4554270733181096,0.391304347826087
russian,0.7408527459666318,0.9188491068801348,0.575355961782461,0.5393311123794805,0.38171368166259884
