,1gram,2gram,3gram,sk2gram,sk3gram
arabic,1.0,1.0,1.0,1.0,0.875
english,0.8571428571428571,1.0,1.0,0.8181818181818182,0.9166666666666666
french,1.0,0.875,1.0,0.8333333333333334,0.5
german,1.0,1.0,1.0,1.0,0.8571428571428571
russian,1.0,1.0,0.9,0.8,1.0
