,1gram,2gram,3gram,sk2gram,sk3gram
arabic,1.0,1.0,1.0,0.5,1.0
english,1.0,1.0,1.0,0.75,0.8
french,1.0,0.6666666666666666,1.0,0.7142857142857143,1.0
german,1.0,1.0,0.8333333333333334,0.8571428571428571,0.8333333333333334
russian,1.0,1.0,0.8888888888888888,1.0,0.7777777777777778
