,1gram,2gram,3gram,sk2gram,sk3gram
arabic,1.0,1.0,1.0,1.0,1.0
english,1.0,1.0,0.9166666666666666,1.0,1.0
french,1.0,1.0,1.0,0.7777777777777778,1.0
german,1.0,1.0,1.0,1.0,1.0
russian,1.0,1.0,1.0,0.875,0.8888888888888888
