,1gram,2gram,3gram,sk2gram,sk3gram
arabic,1.0,1.0,1.0,0.9,1.0
english,1.0,0.8,1.0,0.8888888888888888,1.0
french,1.0,1.0,0.9285714285714286,1.0,0.8
german,1.0,1.0,1.0,0.7777777777777778,0.75
russian,1.0,1.0,1.0,1.0,1.0
