,1gram,2gram,3gram,sk2gram,sk3gram
arabic,1.0,0.8333333333333334,1.0,0.75,0.6666666666666666
english,1.0,1.0,1.0,1.0,0.6
french,1.0,1.0,0.75,1.0,0.75
german,1.0,1.0,1.0,1.0,0.6666666666666666
russian,1.0,1.0,0.8333333333333334,1.0,0.8333333333333334
