,1gram,2gram,3gram,sk2gram,sk3gram
arabic,1.0,1.0,0.8181818181818182,1.0,1.0
english,1.0,0.8,1.0,1.0,1.0
french,1.0,1.0,1.0,0.7142857142857143,0.6666666666666666
german,1.0,1.0,1.0,0.8,0.5
russian,1.0,1.0,1.0,1.0,0.5
