,1gram,2gram,3gram,sk2gram,sk3gram
arabic,0.7094619753029427,0.5708334715499505,0.6096588687006546,0.5956139168958563,0.5453444723087109
english,0.6797835423863168,0.6237618090183518,0.5209763920925288,0.5241773612638629,0.5067360193183575
french,0.7371511493995533,0.617920560587045,0.48464223700171544,0.5186232920300439,0.5055283101223417
german,0.5312800280494144,0.5305947777730428,0.5168444041252805,0.5781544723764678,0.4594597067627892
russian,,,,,
