,1gram,2gram,3gram,sk2gram,sk3gram
arabic,1.0,1.0,1.0,0.3333333333333333,1.0
english,1.0,1.0,1.0,1.0,0.5
french,1.0,1.0,0.6666666666666666,0.0,0.6666666666666666
german,1.0,1.0,0.8571428571428571,0.42857142857142855,0.0
russian,0.9,1.0,1.0,1.0,0.6
