,1gram,2gram,3gram,sk2gram,sk3gram
arabic,0.7239808553005938,0.7263517053458567,0.6163747584268813,0.5994198127882362,0.42833827734594054
english,0.48345382197298514,0.4545320282961709,0.4781762498950185,0.45485057749058677,0.47623160464782327
french,0.705630845423284,0.5298354924627942,0.6126270699823586,0.44216333237713606,0.4362237748897904
german,0.707905839196623,0.46260128049451005,0.4186505462051229,0.45890701174870174,0.40574765063360196
greek,0.714753772238409,0.5842771784651795,0.5773370712544854,0.4371367731510052,0.5822601316945659
hebrew,0.812503048924611,0.45474690276563273,0.6236992571771699,0.5121050563657122,0.5956789490835458
russian,0.728923373607477,0.8206501562277847,0.48884374544021225,0.5312141037001137,0.49885579524956836
