,1gram,2gram,3gram,sk2gram,sk3gram
arabic,1.0,0.9230769230769231,1.0,0.8,1.0
english,1.0,0.8888888888888888,0.8333333333333334,0.875,0.8571428571428571
french,1.0,1.0,0.875,0.8333333333333334,0.875
german,1.0,1.0,1.0,1.0,0.8
russian,1.0,1.0,0.9,0.8888888888888888,0.8333333333333334
