,1gram,2gram,3gram,sk2gram,sk3gram
arabic,1.0,1.0,1.0,1.0,0.8333333333333334
english,1.0,1.0,1.0,1.0,0.8333333333333334
french,1.0,1.0,1.0,1.0,1.0
german,1.0,1.0,1.0,1.0,0.8
russian,1.0,1.0,1.0,1.0,0.625
