,1gram,2gram,3gram,sk2gram,sk3gram
arabic,1.0,0.6174144839681069,0.6360588651846965,0.5244819425402504,0.5215770458095321
english,0.51425947722658,0.4376862896783454,0.38369599428189666,0.500391696744721,0.46223043875081626
french,0.3888888888888889,0.3670137802231107,0.41799054169593325,0.5036831748278958,0.4149132666831217
german,,0.4543631250464236,0.4091565658032688,0.40791379595142996,0.4026877109910733
russian,1.0,0.6590463592263129,0.47621386452513814,0.4869974177160693,0.4646581389980657
