,1gram,2gram,3gram,sk2gram,sk3gram
arabic,1.0,0.875,1.0,1.0,1.0
english,1.0,0.875,0.5714285714285714,1.0,0.875
french,1.0,0.8333333333333334,1.0,1.0,1.0
german,0.0,1.0,0.875,0.8,0.8571428571428571
russian,1.0,1.0,1.0,1.0,0.8888888888888888
