,1gram,2gram,3gram,sk2gram,sk3gram
arabic,1.0,1.0,1.0,0.5,1.0
english,0.8571428571428571,1.0,1.0,1.0,0.25
french,1.0,1.0,1.0,0.6666666666666666,0.25
german,1.0,0.8571428571428571,0.8888888888888888,0.8,0.8333333333333334
russian,1.0,1.0,1.0,1.0,0.8
