,1gram,2gram,3gram,sk2gram,sk3gram
arabic,1.0,1.0,1.0,0.875,0.6
english,1.0,1.0,1.0,0.8571428571428571,1.0
french,1.0,1.0,0.6,1.0,0.5714285714285714
german,1.0,0.8571428571428571,1.0,1.0,1.0
russian,1.0,1.0,0.8571428571428571,1.0,0.3333333333333333
