,1gram,2gram,3gram,sk2gram,sk3gram
arabic,1.0,1.0,1.0,1.0,1.0
english,1.0,0.7978662561185049,0.7121977099840608,0.8811701739161585,0.7061167661713682
french,0.9678259525220679,0.9834164878709213,0.8297999500774955,0.8519908438945988,0.8848058325185321
german,0.9972024409708721,0.9469843445639475,1.0,0.9381590695513696,1.0
greek,1.0,1.0,1.0,0.9984264037062179,0.9976635258622153
hebrew,1.0,1.0,1.0,1.0,1.0
russian,1.0,1.0,1.0,1.0,1.0
