,1gram,2gram,3gram,sk2gram,sk3gram
arabic,1.0,1.0,1.0,1.0,1.0
english,1.0,0.8118606404763414,0.7318867064175758,0.8123512812657445,0.6892680137425955
french,0.9633149522725387,0.9819226019390446,0.8774061389863257,0.8091067115702212,0.7605904921522784
german,0.9516951530106196,0.9495893496092134,0.9062155790795307,0.9109481507562565,1.0
greek,1.0,1.0,1.0,0.9984264037062179,0.9977426406256429
hebrew,1.0,1.0,1.0,1.0,1.0
russian,1.0,1.0,1.0,1.0,1.0
