,1gram,2gram,3gram,sk2gram,sk3gram
arabic,1.0,1.0,1.0,1.0,1.0
english,1.0,0.8213447389091635,0.7144609802752325,0.8843210416177019,0.7394762277996534
french,1.0,0.9834164878709213,0.8546267789330564,0.8341968009424975,0.8356413082911118
german,0.9962181304863873,0.9516855034267259,1.0,0.9369578336668345,1.0
greek,1.0,1.0,1.0,0.9984264037062179,0.9991478465113891
hebrew,1.0,1.0,1.0,1.0,1.0
russian,1.0,1.0,1.0,1.0,1.0
