,1gram,2gram,3gram,sk2gram,sk3gram
arabic,1.0,1.0,1.0,1.0,1.0
english,1.0,0.8888888888888888,0.8,1.0,0.7142857142857143
french,1.0,1.0,1.0,0.75,0.6666666666666666
german,0.9285714285714286,1.0,1.0,1.0,1.0
greek,1.0,1.0,1.0,1.0,1.0
hebrew,1.0,1.0,1.0,1.0,1.0
russian,1.0,1.0,1.0,1.0,1.0
