,1gram,2gram,3gram,sk2gram,sk3gram
arabic,1.0,1.0,1.0,1.0,1.0
english,1.0,0.8,0.5,1.0,0.8333333333333334
french,1.0,1.0,1.0,0.8333333333333334,1.0
german,1.0,1.0,1.0,0.8571428571428571,0.8333333333333334
greek,1.0,1.0,1.0,1.0,1.0
hebrew,1.0,1.0,1.0,1.0,1.0
russian,1.0,1.0,1.0,1.0,1.0
