,1gram,2gram,3gram,sk2gram,sk3gram
arabic,1.0,1.0,1.0,1.0,1.0
english,0.9789862184279924,0.8367228326120064,0.6714803444215868,0.8123512812657445,0.7036482307661921
french,0.9571974223549081,0.9430378063532526,0.8512160931922469,1.0,0.7141653130675657
german,0.9576883988148598,0.9724624409518584,0.9016499224638561,0.80498992102258,1.0
greek,1.0,1.0,1.0,0.9982517125970747,0.9977426406256429
hebrew,1.0,1.0,1.0,1.0,1.0
russian,1.0,1.0,1.0,1.0,1.0
