,1gram,2gram,3gram,sk2gram,sk3gram
arabic,1.0,1.0,1.0,1.0,1.0
english,1.0,1.0,0.5,1.0,0.8333333333333334
french,1.0,1.0,1.0,0.8,1.0
german,1.0,1.0,0.8333333333333334,0.8333333333333334,0.8
greek,1.0,1.0,1.0,1.0,1.0
hebrew,1.0,1.0,1.0,1.0,1.0
russian,1.0,1.0,1.0,1.0,1.0
