,1gram,2gram,3gram,sk2gram,sk3gram
arabic,1.0,1.0,1.0,1.0,1.0
english,0.8863039369457018,1.0,0.5267014839403362,0.818012448451183,0.7442234181989009
french,0.9702242125975358,0.7294793290045887,1.0,0.8441208798441101,0.7663029554391028
german,0.9418147921587657,0.9244317242460193,0.7694170783481126,0.8838211696167104,0.8416048264870936
greek,1.0,1.0,1.0,0.9980333916921637,0.9975185798258965
hebrew,1.0,1.0,1.0,1.0,1.0
russian,1.0,1.0,1.0,1.0,1.0
