,1gram,2gram,3gram,sk2gram,sk3gram
arabic,1.0,1.0,1.0,1.0,1.0
english,1.0,0.8284606596323406,0.5249255685805458,0.8203544637136958,0.7466358855900496
french,1.0,0.9308268556855095,1.0,0.8441208798441101,0.7012410543144226
german,0.9553853236205521,0.9533210199136081,0.6749051355503892,0.877370609301308,0.8416048264870936
greek,1.0,1.0,1.0,0.9977527635439709,0.9968991874808136
hebrew,1.0,1.0,1.0,1.0,1.0
russian,1.0,1.0,1.0,1.0,1.0
