,1gram,2gram,3gram,sk2gram,sk3gram
arabic,1.0,1.0,1.0,1.0,1.0
english,1.0,0.9285714285714286,0.7142857142857143,1.0,0.7
french,1.0,1.0,1.0,0.875,1.0
german,1.0,1.0,1.0,1.0,1.0
greek,1.0,1.0,1.0,1.0,1.0
hebrew,1.0,1.0,1.0,1.0,1.0
russian,1.0,1.0,1.0,1.0,1.0
